review_id,umkm_id,author,rating,date_relative,text
9fbfc9020897f1b3,naste,Grace Lim,2,7 bulan lalu,Parah mesen dari grab udah 1 setengah jam belum dianter juga
7884e917e82e953a,nasi_olengg,Mhd alfarizi R nst,4,seminggu lalu,"over all okey, tapi kerupuknya amem hehe"
66acb27f9f4dc071,nasi_goreng_wak_ribut,Sry,1,seminggu lalu,bahasa owner kurang sopan ke cust baru. pelayanan buruk. harga tidak transparan. KAPOK!
0a12b3f321c00d68,nasi_goreng_pandu,Akhtar Pagan,1,setahun lalu,Layanan nya gak jelas nunggu 1 jam GK ada makanannya
aaf661477998411a,nasi_goreng_pandu,Shintia Siagian,3,7 tahun lalu,Murah meriah
8c0e23ec51712ff3,nasi_goreng_pandu,Hadianto Ahong,4,10 bulan lalu,"cukup rasa, wangi, dan lumayan murah, tp porsi nya , nanggung"
8027421509aa3611,nasi_olengg,alfina zuhra,1,5 bulan lalu,pelayanannya dulu bagus tp skrg kurengggggggg. dlu suka bgt kesini sm temen smpe rekomen ke temen yg lain): next mungkin saran ak untk lebi perhatiin pesanan lagi sih):
a85c8ffc09d0bcc2,naste,Medina Rhamadani,2,5 bulan lalu,"Pesanan nya lama datang, gitu datang nasgor nya dingin. Telur kribo nya pun dingin jd pas di makan amem. Pdhl pas datang ga rame kali karna ujan deras. Gatau la apa yg buat lama"
fadfedcbd30440f1,nasi_goreng_semalam_suntuk,Esmeralda Wangsa,5,3 bulan lalu,"Nasi goreng Padang ini memiliki cita rasa yang otentik dan kuat. Jujur, ini nasi goreng Padang terbaik yang pernah saya makan. Sangat direkomendasikan! Nasi goreng Padang daging sapi dengan telur goreng harganya 27.500, dan benar-benar sepadan dengan harganya."
30aba565dc1b2413,nasi_goreng_surya,the local edit,4,sebulan lalu,"Nasi gorengnya enak banget, gurih tapi nggak terlalu berminyak jadi makannya tetap nyaman. Porsinya juga pas, nggak kebanyakan nggak kekurangan. Enaknya lagi bisa dimakan di mobil, praktis banget. Kakaknya juga baik dan ramah 👍"
96193730722a2c99,istana_nasi_goreng,Yanti Yanti,5,4 tahun lalu,Sangat puas
11b72bef552359d4,naste,Endang Sriwahyuni,4,5 bulan lalu,Menurut saya sih lumayan...kerna sudah terbiasa dengan nasgor langganan JD yg lain JD biasa aja🙏
91b28375351e7aeb,naste,Adelia Adelia,4,3 minggu lalu,Enak semua 🫰🏻
6d65a880530ee6c3,nasi_goreng_komdak,Ammar Abdad,1,2 tahun lalu,"Harga utk naik,kualitas jauh dr dulu dulu.. apalagi pembelian tgl 22 sept 2023.. nasi benyek, lembek. Tak ada enaknya. Dulu sering makan dstu tapi gak separah ini.. menyesal harga 19rb tp kualitas kyk harga 7rb"
bf12b896ff43d8a3,nasi_goreng_pandu,Al Nasution,4,5 tahun lalu,Enak
baef18367b838aa5,nasi_goreng_komdak,Dishes & Services Observer,1,2 tahun lalu,Terdpt seperti bulu² halus di pinggir piring berisi nasgor.
ceb6e969ab0fa210,nasi_olengg,Nafis Athallah,2,7 bulan lalu,"lama cuy, sampe bete nungguin nasi gorengnya"
8f0938ec49179d3a,nasi_goreng_semalam_suntuk,Alam Sibiastika,3,setahun lalu,"Mungkin nasi goreng nya enak untuk lidah Sumatra. Buat pendatang dari Jawa harus adaptasi dengan rasanya. Porsinya sedikit menurut saya, gak tahu kalo yang lain."
ec8807e07c26d303,naste,Hp Ku,2,4 bulan lalu,biasa saja tidak sebanding harganya
22b8322806bdc1bc,nasi_goreng_wak_ribut,suhir wijaya,5,Diedit 6 hari lalu,Direkomendasikan
c706da6657c99346,nasi_goreng_wak_ribut,Boy Aulia,4,Diedit 2 tahun lalu,"Nasi gorengnya enak, ada sesuatu yang tidak bisa saya jelaskan tentang rasa, tetapi nasi goreng ini layak untuk dicoba jika Anda berada di kota Medan!"
9ff29d4c072865ff,nasi_goreng_surya,Fabian Hendrawan,3,3 tahun lalu,Makan disini bareng istri
a7de3433f9d6445e,naste,Kristin Nainggolan,4,3 bulan lalu,"Nasi goreng ny enak,ditambah daging semur ayam yg buat makin gurih dan telur dadar kribo ny aku suka 👍"
37fa408729bd64c5,nasi_olengg,Mafia Sibuk,1,2 bulan lalu,"Lambaaaaattttttt, berjam jam menunggu pesananan  gak siap siap !!!"
1323d1268a5ed360,nasi_goreng_surya,Wilias Alwie,3,3 tahun lalu,"Nasi goreng nya enak, selalu ramai.
Kebersihan dan kenyamanan tempat makan lebih ditingkatkan."
793a0f4171d22339,nasi_goreng_komdak,Legolas greenleaf,2,11 bulan lalu,Kasir jutek
b4b4d9daafd0e14f,nasi_goreng_pemuda,Syamsi Hidayat,3,sebulan lalu,"Pada tgl 27 Maret 2026 malam
Nasi goreng ayam satu porsi harga 21 ribu, untuk harga segitu dengan rasanya menurut saya Gak Work it sama sekali, masih enakan buatan anak saya yg masih SMP kelas 1, asin dan gurihnya kurang. Dan Itu bukan ayam suwir pada umumnya nasi goreng, tapi potongan ayam gulai di kasihkan ke nasi gorengnya itupun cuma satu sendok.
1 porsi ini mungkin untuk ukuran orang lagi diet, tidak mengenyangkan,
nasi goreng tambahnya di hitung 5 ribu per piring kecil.
Jadi istilahnya satu porsi kurang nambah nasi jadi 26 ribu baru cukup, dan belum kenyang.
Es teh manis 5ribu
Sate Kerang 6ribu isi 3 kerang
Untuk nasi goreng kambing atau yang lain jelas harga di atasnya dan sama juga paling daging kambingnya cuma di taburin di atasnya, bukan di suwir atau di goreng bareng, cukup sekali gak akan balik lagi saya.
Tak kira enak karena tamunya bermobil semuanya, ternyata B aja.

Untuk pelayanan nya lumayan karena nasi gorengnya selalu nyetok, bukan di buat setelah ada pesanan, suananya hemm ya begitulah kalau di pinggir jalan raya yang rame"
29e62012666e49d7,nasi_goreng_surya,Iriel Goenawan,2,4 tahun lalu,"Kumuh
Kurang bersih
Gk nyaman
Panas"
89659741d7d582be,nasi_goreng_pemuda,John Fernando B Ginting,5,11 bulan lalu,"Ini tempat bisa dijadiin referensi bawa tamu. Rasanya enak, murah dan ada 3 varian. Ayam, sapi dan telur.

Mencari celah tidak ada so far."
3281d45534a4d0c0,nasi_goreng_komdak,Ian Otard Kognac,4,setahun lalu,"Nasi goreng yang bukanya di malam hari hingga tengah malam, Parkiran mobil sangat terbatas dan kondisi depan jalanan sangat macet di weekend.

Rasa nasi gorengnya standar tetapi unik karena ada rasa menteganya, tetapi untuk bumbu nasi gorengnya terasa kurang nendang. Restoran ini juga menjual sate madura apabila ingin memesan makanan selain nasi goreng."
3c5717f471a816d7,nasi_goreng_pemuda,Riand,4,setahun lalu,"Nasi Goreng Pemuda memang sudah terkenal di Medan. Rasanya yang khas dan selalu konsisten bikin nagih. Suasananya yang ramai juga bikin pengalaman makan jadi lebih seru. Harganya cukup terjangkau untuk seporsi nasi goreng seenak itu. Overall, worth to try kalau lagi di Medan"
fbd65cb4f6d770c2,nasi_goreng_pandu,Rosilia Gea,3,6 tahun lalu,Lumayan
22027d52ab1e530c,nasi_olengg,Diah Sawitri,5,sebulan lalu,"Udah yg ke 2 kalinya kesini dan tetap enakk, pelayanannya juga ramah bgtt."
513874f173196cd6,naste,Yonta Purba,4,6 bulan lalu,"- Nasi gorengnya enak. standar nasi goreng pada umumnya
- daging sapinya mantap, perpaduan rasa bumbu dan dagingnya pas
- bumbu di daging ayamnya terlalu pekat & manis
- telur kribo terlalu asin dan berminyak (tapi kering). jadi cepat enek. aku makan ga sampe habis. kalau makan 1 porsi untuk sharing mungkin cocok.

- nunggu pesanannya lama. 30menit lebih"
aabbae8cca053cce,nasi_goreng_pandu,Abidin Iwan,4,5 tahun lalu,Rasa nasi goreng sebenarnya 👍👍 …
bb7ec8779dd79c03,nasi_goreng_surya,ayuariani masayu,5,2 tahun lalu,Enak bgt dan puas porsi nya byk jg he he
c7b766ee1d6d30cd,nasi_goreng_surya,Sintia Berlina,2,3 tahun lalu,"Rasanya lumayan, tapi untuk staffnya,, kenapa yang terakhir datang malah didahulukan ya???"
fa3ef8d2e915e3dd,nasi_goreng_semalam_suntuk,Medanfood blog,4,6 bulan lalu,"Pertama kali makan nasgornya Semalam Suntuk. Pernah kesini? Atau belum pernah? Atau malah sering? 😆😆

Ini kami coba yang udah lengkap ada daging sapi dan telur dadar. Datangnya di piring besar, cocok sih sama porsinya yang banyak gini. Rasanya menurut kami cocok buat yang suka pedas.

Untuk cemilan ada sate kerang dan macam macam kerupuk. Untuk tempat makannya bisa di dalam atau di luar (ada ruang luar ternyata)

Harga: Rp.27.500 (Nasi + Daging Sapi + Telur)"
e733486d75276db5,nasi_goreng_surya,harianto W. K,3,3 bulan lalu,Bagus
19c8e6578e4f4a3e,nasi_goreng_komdak,Bite n Vibe,4,6 bulan lalu,"Katanya ini salah satu nasgor legend di Medan.
Kemarin saya coba makan yg ayam, ya oke sih rasa nya. Oke la yaa 😄
Trus katanya wajib coba es jeruk di sini. Memang es jeruk nya benar2 rasa nya dari jeruk asli.
Trus kemarin iseng coba sate kerang ternyata sate kerang nya enak..
Peyek kacang nya juga enak.
Mungkin next time mau coba tes makan sate madura nya soalnya banyak yg pesan itu juga 😆"
a95a24c0133c5242,naste,Awan Setiawan,1,3 bulan lalu,biasa aja...kita sudah pesan minum dsni ....nampaknya bw kopi dari luar harus dimasukkan plastik disuruh taruh kursi biar ga nampak...ditegur smpai 2x pdhl sudh beli minum dsni juga... kopinya ga diminum ditempt ini pdhl...
a7e12dd3220f2a4e,nasi_goreng_wak_ribut,Rizka,3,sebulan lalu,"Rasanya tergantung selera sih, tapi kalo menurutku biasa aja gaada yg wah, cukup sekali aja gitu hehe"
d7a6db1cf3b924fb,nasi_goreng_semalam_suntuk,ANDIKA HADI,4,Diedit 4 bulan lalu,Nasi goreng Semalam suntuk khas kota Medan...citarasa nasgor khas kota Medan yg lezat...harga standard rumah makan..bersih dan nyaman..cocok untuk mkn malam bersama rekan atau keluarga
061bbc33b5cbaa51,nasi_goreng_semalam_suntuk,Indra Jaya,5,Diedit setahun lalu,Yg suka makan Tengah malam atau da kemalaman makan mana. Pas ni
83a6785e42b2c102,nasi_goreng_wak_ribut,Hiskia Arapenta Sinulingga,1,2 tahun lalu,Tidak enak dan tidak cocok
77a04cfe19d64035,naste,yourfutureboyfriend riv,1,2 bulan lalu,"Saya pesan nasi goreng 2, kentang goreng tambah air mineral dingin nunggu smpe hampir 2 jam. Yg kluar cuma kentang dan air mineral yg endingnya es nya dh mencair karna kelamaan nunggu. Pegawai selalu mendahulukan yg delivery dari pada yg dine in. Endingnya ku cancel pesanannya. Mnding makan di tempat lain aja, brani take order tapi pas di tanya ke waiters selalu disuruh tunggu"
26be7deb7579f32c,nasi_goreng_surya,Cindha Lestari,3,3 tahun lalu,Nasi nya uda di goreng dlm porsi bnyk . Jddtg uda lgsg bisa makan.. Tp. Gada pilihan ya.  Mai nasi goreng apa gtu gada. Tempat makannya ga nyaman.. Jd enaknya bungkus ajah ya. Harga nya sekitar 15ribu pake telur dadar.
da2db9c5523e501d,naste,Rotua Manalu,2,6 bulan lalu,"Pelayanan sangat tidak memuaskan
Menunggu pesanan sampai 1 jam
Mendulukan orang yg belakangan pesan !

Menu tdk ready setelah komplain baru di kasih tau kalau menu kosong"
96c4e47d84b7b19e,nasi_goreng_pandu,TENGKU CHANNEL,3,4 tahun lalu,"Nasi goreng nya sedikit, rasa lumayan enak"
f21c61a4ea335e22,nasi_goreng_komdak,Drh. Sakti Sarwo Edy,4,3 tahun lalu,"Nasi goreng Enak tapi tidak istimewa, penyajian cepat, es jeruk nya enak"
018d6fff491935cf,nasi_goreng_komdak,jimmy k,4,Diedit setahun lalu,"Orang-orang datang ke sini untuk makan nasi goreng (makan malam) dan dulunya nasi goreng di sini adalah yang terbaik. Itu terjadi di tahun 90-an. Sebagian besar waktu, nasgor (nasi goreng) di sini memang yang terbaik. Tapi entah kenapa, kalau dibawa pulang, rasanya kurang enak. Pesan jus jeruk di sini dan lauk pauk lainnya seperti sate dan martabak untuk melengkapi hidangan Anda. Meja-meja mungkin penuh hampir setiap malam (akhir pekan)."
ab01569dee5719e7,istana_nasi_goreng,Jessica Reklame,4,4 tahun lalu,"Makanannya enak , porsinya juga lumayan"
513ced9643d4617d,nasi_goreng_semalam_suntuk,Citra anindita,1,5 bulan lalu,"tolong dong saya take away malah ada kuku di dalem nasi gorengnya malah uda tamakan lagi🥹,semoga kedepannya lebi higienis lg deh ya 🤢"
c595e7521c674a4a,nasi_olengg,Jnnn,2,10 bulan lalu,"Rasa enak tapi beef slice nya gak ada. Mending pesan yg ayam deh kalau gitu. Udah di DM di instagram tapi gk ada balasan, kalau gk ada beef nya jgn dibuat ada menu beef."
aa3d5ceae9a3f1fe,nasi_goreng_surya,Syabil Hannan play,5,3 tahun lalu,Enak
2dd3264da35374ce,nasi_goreng_surya,Budi Mulia Ginting,3,4 tahun lalu,Kurang nyaman tempatnya...
e718bae20c46ebbb,nasi_goreng_pemuda,Nurul Lyaa,1,setahun lalu,"Rasa nasi gorengnya ga enak, cuma menang daun bawangnya banyak.. nasi goreng kambingnya lebih parah lagi, kambingnya masih bau, rasa kambingnya seperti belum matang.."
e25eed040aa58532,nasi_goreng_komdak,akhid nur khoirudin,3,setahun lalu,"Penyajian cepat, nasi gorengnya agak asin"
29e97c9dc5a07495,nasi_goreng_wak_ribut,Bonia,3,2 tahun lalu,"Sorry to say tapi rasanya biasa banget.. nasi kecap sudah dimasak sebelumnya jadi dingin.. yang lumayan enak si daging semurnya.. se porsi Rp 20.000

terus ada sate kerang juga"
4328f0e6122e2731,naste,Reyline_ Antonio,1,4 bulan lalu,"Nasi gorengnya asam, sangat pedas. Pelayanannya jelek. Saat ditanya sama staffnya soal rasa yang terlalu pedas, dia bilang ""iya ibu karna kita pake bumbu natural"", nyambung ga?
Kita pesan tiga porsi, yang datang baru 2 porsi karna satu kita minta setengah matang mata sapinya, satu lagi matang. Nah, karena lama keluarnya, yg diantar 2 porsi itu kita sharing dulu..makanya bisa tau rasa nasgornya yang terlalu pedas. Lalu saya tanya lah udah dibuat nasi goreng yang ketiga udah atau belum, katanya belum. Langsung saya request untuk batal aja nasi gorengnya, tapi kata staffnya gabisa. Kami tanya kenapa gabisa dibatalkan, dan dia bilang ""karna sudah kami input ibu, gabisa batal lagi"".  REMINDER: Nasi gorengnya belum dibuat!! Setelah itu pun gaada solusi dari pelayannya, dia cuma berdiri saja melihat kami. Akhirnya kami tanya untuk porsi yang tidak pedas, katanya ""bisa Bu diganti"" hmm.. ga ngerti saya sama sistem INPUT mereka itu gimana, bisa ganti tapi gabisa batal pesanan.. Kalau ga kami tanyakan ada yang ga pedas atau tidak pun, gaakan dikasih solusi sama pelayannya, dia hanya kekeuh gabisa dibatalkan!
Sudah siap kami makan dua porsi nasi goreng, sudah hampir setengah jam pun tidak keluar piring ketiganya. Setelah keluar piring ketiga ternyata bikin emosi meledak aja 😵😵😵 nasi goreng di piring itu tertata dengan bentuk Teddy bear karna nasi goreng tidak pedas itu untuk anak anak, yang jelas sebenarnya tidak perlu karna kami semua yang makan ini orang dewasa.. jadi waktu kami terbuang menunggu mereka menyiapkan piring ketiga disini. Kecewa berat"
7a45e89bc4dea3c9,nasi_goreng_pemuda,Winks Cycle,1,4 bulan lalu,"Porsi dikit dan disini ceritanya kami nambah kerupuk kian (tapi malah dihitung 5k tanpa dikasi tau). 5k si cuman nyesek aja tiba-tiba ada tambahan. Pas nanya kasir, diblgnya ga kena duit kalo kerupuk, tapi lsg dibales yg goreng Krn kami nambah kerupuk kian. Cuman balik lagi, kalian mempermasalahkannya atau tidak, ini sebagai informasi tambahan. (tapi walau porsi dikit, rasa tetap enak, yg service juga ramah)"
d801b90d1e1f1f02,nasi_goreng_semalam_suntuk,Ricky Hung,2,setahun lalu,"Sdh setahun lebih ga makan. Pas lewat pesan 2 bungkus bawa pulang. Pas mau di makan pedas bgt dan berminyak.
Pedas nya kelewat sih. Kayaknya kedepan ga beli lagi"
775ba53027a6e024,nasi_goreng_semalam_suntuk,Pon Pon,1,5 bulan lalu,Ogah la beli disini lagi belum turun aja langsung di tagih sama gondrong tukang parkir 🤮🤮
804c21d8a206ea88,naste,Fadlam Syajida,1,4 bulan lalu,"Bayar pakek uang 100, harga 79, gadak kembalian, malah dibilang ksir lbh diutamakan pakek Qris, klu gt gk ush pakek cash lg dibuat, kede rame tp gadak modal kembalian, dsr!!!"
421433ccb4a32a62,istana_nasi_goreng,martin rizky,1,2 tahun lalu,"Makannya kurang enak, agak basi ya gaes"
3b478b16bb24ac92,istana_nasi_goreng,Turmizi Ishak,5,3 tahun lalu,Mantap lagi sedap
a39a2f256887159a,naste,Meor Rezal Fitri Meor Redwan,3,2 minggu lalu,Jam operasi yang dinyatakan di google tidak tepat. Ia buka jam 11.00am
27588c224ecde77b,nasi_goreng_komdak,marinus hulu Marinus hulu,5,3 tahun lalu,Bgusss
d8192da57890553e,nasi_goreng_pemuda,Susi Tan,2,sebulan lalu,NASI GORENG DENGAN HARGA 22RIBU 1 PORSI. TAPI ISI NYA SEPERTI NASI KUCING SIKIT BANGET.... DULU ISI NASGOR NYA HAMPIR BS MAKAN BR 2. SEKARANG ISI NASI GORENG NYA SIKITTTTRR BANGET...
a87226a569ea9504,nasi_goreng_pandu,Dyana Puspita,5,6 tahun lalu,"Malam"" laper....ingat nya nasi goreng pandu"
b43e8b4b65b48558,nasi_goreng_surya,Andrie Arief,1,3 tahun lalu,"beli bungkus pun nunggu di kreta bisa di mintak parkir?..
tolong lah di amankan itu PUNGLI..
hampir setiap hari beli di sini, tapi gak ada perubahan sama PUNGLINYA"
a2972cd61dd58ba5,nasi_goreng_pemuda,Kamelia Lia,2,setahun lalu,"Rasa hambar, gak ada rasa asin, kurang lah kalau dari segi rasa"
4bdbf90997c91f6d,nasi_olengg,Putri Rambe,5,sebulan lalu,"Makanan disni recomend banget.. enak, murah masih bisa dijangkau kantong pelajar. Suasana nya nyaman banget, pelayanan nya oke, ramah, dan gercep. Wajib sihh salah satu tempat recomended  untuk di cobain."
52fd540dac5d50de,nasi_goreng_semalam_suntuk,roynanda sinaga,4,setahun lalu,"Rasa nasi gorengnya mantap! Bumbunya pas, porsinya banyak, dan cocok untuk penggemar kuliner malam.

Bukanya sampai 02:00 WIB, cocok jadi kawan begadang biar gak suntuk semalaman hehe"
19e8e8bacc9abc1e,naste,tika prasetya,2,3 bulan lalu,"Rasa nya nasgor nya enak,tapi ga panas.
Pesan air putih gelas nya masih ada bekas lipstik.minta tukar lagi
Tapi yg nyampek msh ttp ada bekas lipstiknya.saat ngelapor ke pelayan muka ya jutek."
8beb74b51478c6e1,nasi_goreng_semalam_suntuk,Pembinaan Kejari Tebing Tinggi,5,setahun lalu,"Pelayanan nya sangat ramahhhh luvv bangett sama abang abang yg kurus tinggi betato di lengan wkwkwk, seht sehat trus sayy, makanannya enak, banyak macam nya, here it is"
7fea3c15b7f8463b,nasi_goreng_pemuda,Novita Sitompul,1,11 bulan lalu,"Resto yg cukup sombong.pemilik jg anggotanya.tdk punya etika terhadap pembeli.hati""...Tuhan ga tidur.roda kehidupan berputar.gara"" kelalaian resto ini.saya tidak bisa kerja 3.mereka sudah tutup tp aplikasi masih dibuka.dan tidak mau ngaku.saya minta tolong dicancel mereka bilang ga bisa.mereka rugi.kenyataan nya saya yg rugi karena bila saya yg cancel.akun saya Suspen 3 hari.mereka bilang,salahkan aja TUHAN.mereka ga sadar bermain dengan nama TUHAN.rejeki mereka TUHAN yg kasih.pemilik dan pekerjanya sama.sombong."
d222907c17b535a7,nasi_goreng_komdak,JEF RENT CAR chanel,5,2 tahun lalu,Sanagat recomended
a20ce810669edb59,nasi_goreng_pemuda,Hatop HPS,1,seminggu lalu,"Nasi goreng jaman dulu waktu nginap di warnet. Sekarang rasanya ga worthed bgt, 19rb, nasi banyak, tapi rasanya ga enak sama sekali. Overprice, Rasa Ga Enak, Besar di nama doang. Kurangi porsinya, jual 12rb mungkin baru worthed, tapi rasa tetap saja ga enak."
a466a59fe7f00d44,nasi_goreng_komdak,Dhana Yan,5,3 tahun lalu,Mantab
a6f38bd48182e542,nasi_goreng_surya,Suharto,4,4 tahun lalu,Dadar telur nya perlu diolah lg
6e2ff2d4f28bb21a,nasi_goreng_semalam_suntuk,Sltg Mhardi,4,2 bulan lalu,"Makanan lumayan enak
Harga terjangkau"
c163849339b960f5,nasi_goreng_surya,andy lamasa,3,3 tahun lalu,"Ketika pertama masuk ke warung, aroma mentega yg sedang dimasak, sangat menggugah selera makan. Tapi ketika makan, rasa nasi gorengnya cukup standar. Tapi dengan rasa yg cukup standar, yg makan tetap rame. Mungkin bukan hari saya untuk merasakan rasa nasi goreng surya yg sebenarnya. Next time, coba lagi kesini dah."
2a1f977279e3eba9,nasi_goreng_pandu,Marsanto Hary,3,4 tahun lalu,Lumayan juga nasi goreng nya
9f745a75d85d401d,nasi_goreng_wak_ribut,Leonard Sid,4,2 tahun lalu,"Nasi goreng toping semur daging sapi
Bagi yg gk suka daging bisa pakai telur dadar/mata sapi, acar bawangnya mantap, sate kerangnya 👍"
717327b1b09abf3a,nasi_goreng_semalam_suntuk,Taqim Aji Sudaryatno,3,4 bulan lalu,"dagingnya imut"""
cb2afc8d0a3b39f8,nasi_goreng_komdak,Nawir Nawir,5,2 tahun lalu,Oc
f083c46e7c6b6986,nasi_goreng_semalam_suntuk,rianto,1,2 bulan lalu,"Beli nasi padangnya seperti beli nasi kucing, dikit sekali
Rendangnya juga kecil sekali
Rasanya juga kurang nendang
Beli bungkus pulang juga kena PPN
Gak rekomendasi beli disini"
27832942ea1a7da4,naste,FN NA,4,5 bulan lalu,Nasi goreng ny ok enk . Tpi pelayanan ny seperti kariawan ny sangat kurang sekali ...
6c106123a5cc709a,nasi_goreng_pandu,Icang Koswara,3,5 tahun lalu,"Rasa biasa, super asin, khas Medan. Porsi dibagi dua, yg satu kalau mau tambah bayar lagi, hihihihi....Tapi menurut saya alangkah lebih sempurna kalau dipercantik garnish nya, ada selada, bawang merah, dan kacang tanah goreng, serta taburan bawang goreng."
3ba429f9f2b4140f,nasi_goreng_wak_ribut,Nuriyah Marin Siregar,3,2 tahun lalu,"Dari dulu udah pengen bgt kesini, baru kesampaian kemarin, untuk rasa nasi goreng b aja, plusnya ada daging, lebih kayak kebanyakan kecap aja, porsinya juga ga terlalu banyak, dan tempatnya panas mungkin karena cuaca medan lagi hot.."
67eadec29fd13b9a,nasi_goreng_semalam_suntuk,Tina Pratiwi,2,4 minggu lalu,"pelayanan tidak baik..pesan nasi goreng seafood sampai 1 jam belum datang, di konfirmasi pegawainya bingung2 ternyata temannya salah input..dan alasan ke kita katanya seafoodnya habis.."
41532c4a1ee6cf6a,nasi_goreng_wak_ribut,Lina Ling,2,Diedit 2 tahun lalu,Kualitasnya kok sudah berkurang.. tidak seperti dulu lagi... Sedih.. rindu rasa yg dulu...
3c3539355fd1e1bb,nasi_olengg,rendiraditya123@gmail.com Raditya,5,sebulan lalu,Mantap kali pelayanan bagus 👍
934c0a29911f660a,nasi_goreng_wak_ribut,Cindy Nth,4,2 tahun lalu,menurut saya nasi goreng terlalu manis
42b7cbb7291f67b9,nasi_goreng_pemuda,Marta Zebua,1,11 bulan lalu,saya pesan Ayam sapi Yang dikasi Telur dadar Pembohong juga
728a6daff37e9ef5,nasi_goreng_surya,Maria Dinata,1,3 tahun lalu,Nasi goreng nya terlalu kering tidak pas dengan selera ku
b82fdfd413b8aebb,nasi_goreng_wak_ribut,M LAIA,1,2 tahun lalu,"Restonya gk ramah, gk rekomendasi pokonya mending cari resto lain"
8a8500f376e544a5,nasi_goreng_pemuda,Hayato X,2,7 bulan lalu,Rasanya ga sesuai ekspektasi
05991fd420bf3727,nasi_goreng_pemuda,Rles Cha,2,3 bulan lalu,Kualitas makanan di jalanan yang ramai ini di bawah rata-rata.
9f36202b5bb1d95d,nasi_goreng_wak_ribut,Polman Freshman,2,3 tahun lalu,rasa kecap
5d5e60953af1a40d,nasi_goreng_semalam_suntuk,Andi Purwanto,1,Diedit setahun lalu,"PERTAMA KALI MAKAN DI TEMPAT MAKAN YG KATANYA LEGENDARIS DI KOTA MEDAN....
KESANNYA :

- PESAN MIE TIAW GA ADA RASA,CUMA KECAP DOANG
- LAMAAAAAAAAA SEKALI DATANGNYA SMPE PESENAN PERTAMA HABIS BARU DATANG
- PELAYANAN TERKESAN EMOSIAN PADAHAL KITA BAYAR MAKAN DISITU
- ASAP DARI MASAKAN MENGGANGGU, SAMPE BERKALI-KALI BERSIN

KESIMPULANNYA.....
NOT RECOMMENDED DEH,GA WORTH IT DENGAN APA YG DIBAYARKAN...
PADAHAL KATANYA LEGEND TP BIKIN KAPOK UNTUK DATANG LG"
632ca28164958f5e,nasi_goreng_pandu,Ridwan Padang,3,5 tahun lalu,Just ordinary nasi goreng
b5d49bf5fd17adcd,nasi_olengg,Handra Humala Dalimunthe,4,11 bulan lalu,Catatan buruk
a065d4b147ebc856,nasi_goreng_pandu,Mawar Sari,4,6 tahun lalu,Biasa aja rasa ny
3cc0247bbac515b5,nasi_goreng_komdak,elfin azwar,3,3 tahun lalu,"Makanannya biasa-biasa saja
Layanan pun tidak ada kertas menu
Suasana lantainya kotor"
5556ed3a1696cde5,naste,Asa Simbolon,1,7 bulan lalu,"Asli pelajaranlah datang kesini, cukup pertama dan terakhir, pesan Nasi goreng, bubur ayam, cakwe dan wedang ronde lamanya bukan main. Datang jam 8, sampe jam 10 pesanan datangnya satu persatu. Mesan air putih hangat, yang datang air panas setengah gelas.
Penyajian macam apa seperti ini??? Menyajikan minuman hanya setengah gelas. Ketika dikomentari, pelayannya yg keling nyolot pula gak ada juar air putih hangat... 😂😂😂 gawat gak???
Ternyata yang datang kesini semua korban IG. Semua yang datang pada kecewa....

Tidak sebanding harga makanan dan pelayanan, ada gak dibaeah bintang 1???"
a9700c191668525d,nasi_goreng_pemuda,Yusni Ardiansyah,3,3 bulan lalu,Biasa aja gak ada yg istimewa...
453659c7eddfcda4,nasi_goreng_komdak,Mitha,4,2 tahun lalu,"Fried rice legend nih langganan gw but the taste biasa aja sih kadang enak kadang kurang.kalo ke sini selain pesan nasgornya pesan mie rebusnya but not bad,sate madura sapi is good..best nya orange juice.Good service tapi suasana nya panas yaa"
436d3ac7f9096939,nasi_goreng_pandu,Lirta P,4,2 tahun lalu,"Lumayan rame tempatnya. Uniknya nasi gorengnya ada kaya ayam semur gitu. Kalau soal enak atau engganya, itu selera ya. Soalnya tempat ini lumayan rame. Harga menurut sy, sangat2 terjangkau."
174d70cc948a33cd,naste,weve mer,1,5 bulan lalu,"kita datang waktu lagi rame, seharusnya staffnya bukain meja buat kita duduk karena di dalam penuh, bahkan satpamnya udah suruh staffnya bukain meja tapi gada satupun yang bukain dan kita dibiarin berdiri di luar gitu aja, jadinya kita langsung cabut👎"
8462d442030faf60,nasi_goreng_pandu,Muklis 90,5,7 bulan lalu,Enk masakan nya
b73ff3d2a7d66050,nasi_goreng_pandu,Alfian Christianto,3,setahun lalu,Bintang 3 dulu. Mau coba tutup. Ga ada plang nama pula
538b33b45560d8b2,istana_nasi_goreng,reza lubis 88,5,4 tahun lalu,Mantap dan pelayanan nya ramah suasana nyaman👍👍👍😁😁 …
4be675cbb9ec7bb6,nasi_goreng_komdak,Hari Winarta,3,8 bulan lalu,Terima kasih
538a1c5f7705dc65,nasi_goreng_pandu,Herman Susanto,2,6 tahun lalu,"Pelayanannya menyedihkan, pemiliknya kurang sopan, acapkali mengeluarkan kata-kata yang kurang sopan. Proses masaknya lama"
49f3641152411193,nasi_goreng_komdak,ANDIKA HADI,4,Diedit 4 bulan lalu,Rumah makan nasi goreng Komdak yg sudah terkenal dikota medan..khususnya pada malam hari..tersedia aneka varian makanan juga...citarasa nasi goreng ok..harga terjangkau...pesan fresh orange juice ...
5266a18e3c9681d2,naste,roni noveldo,5,sebulan lalu,Nasi goreng sate
ebd64d3daa36d65a,nasi_goreng_wak_ribut,Arga Khairand,5,2 tahun lalu,overall warkop nya mantap juga
7caad172aede88fa,nasi_goreng_komdak,Aidil syahfitra,5,10 bulan lalu,sesuaikan lidahmu.
04c18abe572ab00e,nasi_goreng_pemuda,Fariz Izwan,5,Diedit 5 bulan lalu,"Biasanya langsung matang saat dipesan. Tinggal ambil nasi dan pilih lauk. Ada telur, daging, dan domba. Cepat.

Rasanya lezat. Dibungkus daun pisang."
41d12053e862cc8b,nasi_goreng_semalam_suntuk,Iron Basketball,1,4 bulan lalu,Nasi Padang pertama yg saya tau beli nasi bungkus pulang di cas PPN 11%
a5a46c7cdc7206da,nasi_goreng_surya,Hastomi Yap,5,11 bulan lalu,"nasi goreng yang rasanya susah dicari, jarang2 ada rasa nasi goreng seperti ini.
pastinya enak"
ea864f6502d6d96d,nasi_goreng_pemuda,Sanny Lienardo,1,4 bulan lalu,Sumpah kesel kali. Tiap kali mnta bnyk cabe rawit. Cuma dikasih 2😃😃 …
5f3c20506537d751,istana_nasi_goreng,Raka Wildan Sima,5,4 tahun lalu,"•Pelayanan yang baik.
•Rekomendasi makanan : nasi goreng dengan acar."
49c593eb0a9cc016,nasi_goreng_pemuda,johan martin,1,7 bulan lalu,"Nasi goreng 19rb, parkir diminta 6rb jd 25rb. TOLONG DITERTIBKAN TUKANG PARKIR NYA BOS, PDHAL SAYA GA PARKIR, NUNGGU DI MOBIL. JGN KARNA TUKANG PARKIR JD RUSAK JUALAN ANDA"
3d36072c924a213f,nasi_goreng_pemuda,Lisa,4,setahun lalu,"Nasi goreng aku beli via gofood setelah berselancar di google. Aku lihat porsi lumayan banyak tapi gak yakin daging kambing banyak juga. Akhirnya utk berdua pesen :
- nasi gireng daging kambing 1
- semur kambing 1

Masyaallah banyak ternyata porsinya buat ber2. Dan daging kambingnya banyak . Cukup buat ber 2. Enak dan cukup murah."
335a3f6f9f7bc651,nasi_goreng_wak_ribut,KHids Channel,4,3 tahun lalu,"Lumayan ... Adadaging nya. Porsi banyak...
Harga standard👍"
0c6abd74e0eb5d63,nasi_goreng_surya,Juni Lim,5,3 tahun lalu,Nasi goreng nya enakk
17ecf563103ab0a8,nasi_goreng_komdak,Alexander Tj,3,setahun lalu,"nasi goreng blue band, telur blue band.. serasa makan blue band"
3082df2564c97f59,nasi_goreng_semalam_suntuk,vincent tora,5,4 bulan lalu,Bagus
96b72a13aeb67b6c,nasi_goreng_surya,Zane Phreak,2,2 tahun lalu,"Nasgornya terlalu pedas, jangan dimakan."
58db29d49b51cfa0,nasi_goreng_komdak,suteja luak,3,9 bulan lalu,"Salah satu nasgor terenak di kota medan, sering beli take away. tapi harus selalu makan hati lihat sikap perempuan yg terima orderan. sombong, ngmg sama dia seolah2 ngmg sama pohon pisang 🤣. untung saja sudah bertahun2 masih tetap jadi karyawan. mau gimana lagi sikapnya kalau jadi bos."
98ede2730f3bd0f1,nasi_goreng_pandu,Ro Tan,4,7 tahun lalu,Mantap pake aja
90abc653049f92d8,nasi_goreng_surya,Jerry Ronald Siahaan (Jeri),3,setahun lalu,Belum nyoba nasi gorengnya.
f153182883d2f91a,nasi_goreng_semalam_suntuk,Mascovado Bara,1,setahun lalu,Rasanya kurang dan saya jd diare😭
9ec9f00ebbe58fb8,naste,Kevin Ageng Prayogo,5,6 bulan lalu,Okelah
72737c9c700dc0ad,nasi_goreng_semalam_suntuk,noor asyhikin abd razak,5,3 bulan lalu,"Nasi goreng mereka enak... Tapi hanya nasi goreng biasa... Tidak ada yang istimewa.
Mungkin jika saya masih remaja atau berusia awal 20-an dan ingin makan malam yang mengenyangkan... saya akan datang ke sini dan makan... Tapi karena saya turis yang mencari sesuatu yang unik, tempat ini bisa dilewati saja."
4cef17741447b1d3,nasi_goreng_semalam_suntuk,Yusuf Badar,5,setahun lalu,"Enak, tempatnya nyaman"
aefee2f1211c2d28,nasi_goreng_pemuda,22-085 Joyful S.,1,sebulan lalu,"Nasi gaenak biasa aja, isi dikit, harga mahal"
9eacd8f795ae5518,nasi_goreng_komdak,Muhammad Furqan Yusuf,5,setahun lalu,Makasih 🙏🏽🙏🏽🙏🏽 …
84b648d47713ed3a,nasi_goreng_pandu,Dominic Mcall,4,3 tahun lalu,Untuk pesan nasgor nya bisa cepat karena sudah dimasak banyak sebelumnya dan menurut saya mie tiao nya lebih enak
0e5807f7b9e960aa,naste,Wellington,1,4 bulan lalu,"SABTU, 1 NOVEMBER 2025

TEPAT DI HARI & TGL ITU SAYA DATANG BERDUA, PAS DATANG TIDAK DILAYANI SAMA STAFFNYA, TERUS PAS KITA TANYA STAFF MASIH ADA TEMPAT G? EH STAFFNYA SENGAJA LAMAIN DONG DI MEJA LAIN! GILIRAN KITA CARI KURSI SENDIRI, STAFFNYA SEENAK JIDAT DATANG BILANG EMANG UDAH WAITING LIST? HAHAHAHA LOL SO FUNNY. SETELAH ITU WAKTU KITA MAU DAFTAR WAITING LIST TERNYATA YA KAN MASIH BANYAK YANG BELUM MAKAN DONG WKWKWKKW, PADAHAL STAFF RAME TAPI KERJA LAMBAT !!! BANYAK BERBICARA SESAMA STAFF, KERJA SENGAJA LAMBAT BIAR DIKIRA RAME X YA KAN !!!! TANPA 1 2 3 AUTO CABUT GAISS, STAFF TIDAK RAMAH & TIDAK ARAHIN & TIDAK BERTANYA, SEPERTI LAYANIN DIRI SENDIRI COK !!

BETTER KALIAN MIKIR 2 X BUAT MAKAN DISINI !! NOT RECOMMEND !!!"
854590ec26ed4ab3,naste,sofian arbi,2,6 hari lalu,"Untuk rasa hanya pedas merica aja, untuk rasa tidak terlalu enk, (biasa aja) 6/10 nilainya...
Mohon maaf yaa"
160fc55845b2229d,nasi_goreng_komdak,Chairul Yaumiah,4,2 tahun lalu,Menunya banyak rasanya standar harga terjangkau
3245e859843eec54,nasi_goreng_pemuda,Isnainal Ramadhan,5,sebulan lalu,"Kalau lagi cari nasi goreng malam yang rasanya “aman” tapi tetap enak, Nasi Goreng Pemuda ini bisa jadi salah satu pilihan yang layak dicoba. Lokasinya berada di pinggir jalan, cocok buat makan malam cepat atau nongkrong ringan bareng teman.

Dari segi pilihan menu, selain nasi goreng, di sini juga ada tambahan seperti sate kerang dan telur yang bisa jadi pelengkap. Kombinasi ini cukup menarik, apalagi kalau kamu tipe yang suka makan dengan lauk tambahan biar lebih variatif. Disediakan potongan acar bawang dan wortel untuk menambah selera.

Aku sendiri pesan nasi goreng sapi, dan untuk rasa, ini masuk kategori comfort food yang gampang disukai banyak orang. Bumbunya terasa gurih, nggak terlalu berat tapi tetap berkarakter. Nasi gorengnya juga nggak terlalu berminyak, jadi masih nyaman dimakan sampai habis tanpa terasa enek. Ditambah dengan telur mata sapi di atasnya, jadi makin lengkap, apalagi kalau kuning telurnya sedikit meleleh, itu bikin rasa makin nikmat.

Untuk daging sapinya, teksturnya cukup oke, nggak keras dan masih terasa juicy. Cuma kalau boleh jujur, porsinya bisa sedikit ditambah supaya lebih balance dengan nasi. Karena secara rasa sudah enak, jadi ekspektasi topping-nya juga ikut naik.

Pelengkap seperti kerupuk dan potongan timun juga jadi nilai plus. Kerupuk menambah tekstur renyah, sementara timun kasih rasa segar yang bikin overall hidangan jadi lebih seimbang.

Dari sisi harga, menurutku masih tergolong wajar. Dengan rasa yang enak dan porsi yang cukup mengenyangkan, ini masih worth it untuk ukuran makan malam di luar."
bd7ec4bf5beb8585,nasi_goreng_pemuda,Mud rika,3,sebulan lalu,"B aja,makan ditempat tidak menarik penyajiannya dan porsiny sedikit"
c5fb6ae4522c2821,nasi_goreng_pemuda,Syahkeulana Putra,4,7 bulan lalu,"Cepat penyajian nya,rasa biasa saja."
851f5c7ad24bb168,nasi_goreng_pemuda,Iqbal Hakim,3,setahun lalu,Nasi gorengnya porsi pelit
fbdc842ad60d0fbb,nasi_goreng_komdak,Sabun Mandi,1,7 bulan lalu,"Rasa Makanan biasa aja, tidak sesuai dengan harga nasi goreng 19rb/porsi. Pelayanan sangat tidak ramah terutama kasir nya. Kalau tidak ada perubahan saya jamin akan tutup pada waktunya. Hati-hati disini wajib beli minuman kalau ndak siap-siap kena jutekin pegawai dan kasirnya"
b9d260fa796bd238,nasi_goreng_surya,Medanfood blog,4,6 bulan lalu,"Pertama kali ke Nasi Goreng Surya karena penasaran lewat terus nih di medsos, akhirnya kami coba. Beruntung pas datang masih kebagian karena udah masak terakhir ternyata.

Nasi Gorengnya pake ayam suwir dan telur dadar yang renyah di pinggir. Rasa nasgornya agak pedas untuk kami, disajikan dengan sepiring kecil acar bawang merah.

Harga: ±Rp.20.000"
4a977bd5ac3fb8cb,nasi_goreng_komdak,Stefanus Gulö,4,2 tahun lalu,Nasi gorengnya enak
7d670dc66c7077dc,naste,Tengku Dicky,4,3 bulan lalu,Saya datang ke sini untuk acara Ronde! Sangat menyenangkan.
15560d7fdd0ed28a,nasi_goreng_pandu,Suikuang David,3,6 tahun lalu,Lumayan
7a0a1898fc1d47a1,nasi_olengg,Gilang Hakim,5,4 minggu lalu,Suasana tempat makannya oke harga juga masih terjangkau buat orang untuk nongkrong
c9b4e4ccd2e78382,naste,Inggou David Purba,2,4 bulan lalu,"Rasanya standar, nasi gorengnya tidak panas.
Harga standar, pembayaran dapat menggunakan QRIS. Pembayaran dengan gesek kartu debit/credit minimal belanja 100 rb. Toilet bersih. 👍
Lokasi strategis, parkiran sempit dan berbayar."
5e824df312628aa1,nasi_goreng_komdak,Erfin Johansen,1,2 tahun lalu,"19 rb untuk nasgor gini, bener2 ga worth it

Apalagi pelayanan karyawannya, cuek bgt."
333952f9aa66c0c9,nasi_goreng_pandu,Acai Derrick,1,6 tahun lalu,Dikit kali
21e4de65f6bf18ae,nasi_goreng_komdak,Willy Tan,5,3 tahun lalu,Terimakasih 🙏🙏🙏 …
528f0ba456e339b8,nasi_goreng_pandu,Jhon Tampu,5,5 tahun lalu,Hai!
9f992010eeb1ed7b,nasi_goreng_wak_ribut,Mur Diansyah,4,sebulan lalu,"Sll ramai,parkiran agak terbatas namun memadai,,rekomlah,"
b43b23e1e497cb9f,nasi_goreng_pemuda,Juin Sinurat,4,setahun lalu,"Nasi Goreng Pemasangan yang lokasinya sangat strategis dan mudah dijangkau. Nasi Goreng Pemuda memang sudah terkenal di Medan, dan saya bisa memahami mengapa. Rasanya yang khas dan konsisten membuat saya ingin kembali lagi dan lagi.

Saya sangat menyukai menu nasi goreng sapi dan bihun goreng yang saya pesan, serta minuman pahit dingin yang sangat menyegarkan. Namun, saya harus menyebutkan bahwa suasananya yang ramai dan tempatnya yang terasa gerah dan bising karena banyaknya pengamen. Selain itu, pelayanan yang diberikan oleh staf terkadang tidak ramah, namun ada juga staf yang ramah dan membantu.

Meskipun demikian, saya sangat senang dengan kemudahan pembayaran yang diberikan oleh Nasi Goreng Pemuda, yaitu metode pembayaran secara tunai dan non-tunai. Dengan demikian, saya dapat melakukan transaksi dengan lebih mudah dan nyaman."
5d452ca648cd77d4,nasi_goreng_surya,kopjoh tan,3,3 tahun lalu,"Nasi gorengnya menurut saya biasa aza...
Harganya masi cengli lah 👍👍"
fb4ce379f7fff85a,naste,Junaidi Syahputra,1,sebulan lalu,Pelayanan jelek
a460636049fd689e,nasi_goreng_komdak,Asdar Raya Rangkuti,4,Diedit setahun lalu,"sebagai pendatang di kota medan katanya wajib coba salah satu nasi goreng legendaris di medan.
soal rasa kembali ke selera masing2,kalau soal suasana & tempat sudah banyak yg review.
tidak hanya jual nasi goreng ada juga sate, roti cane, dll.
waktu kesini pesan sate juga,rasanya juga cukup enak."
38232b8e94b299f1,nasi_goreng_pemuda,Rahmad Fadillah,1,10 bulan lalu,"Pelayanannya ancor
Aku driver shopee susah jadinya gegara pesanan 4 jadi 3 yg diantar
Admin ga perhatikan pesanan
Susah di lakukan konfirmasi tapi malah tanggapan ga senonoh
Ancor sdm rendah"
2d5339df21d3b2ee,nasi_goreng_wak_ribut,Dian Buraq,5,11 bulan lalu,Legenda
2a58d17bfaa0eec5,nasi_goreng_wak_ribut,Blackie,1,2 tahun lalu,"Waktu saya take out nasi goreng, ad abang gojek complain soalnya dia tungu sekitar 30 menitan untuk nasi goreng, eh malah dia yg kena maki sama SEMUA pegawai disana, menurut saya wajar kalo gojek mw cepat karena karena mereka pun dikejar sama customer, nanti dikira customer gojek ini melalak dan diberikan bad review. Sama ini nasi gorengnya dimasak 30+ menit soalnya mereka masih pake kompor minyak tanah, kapan mw diupgrade fasilitasnya? Kuliat tempat nasi goreng lain contoh: semalam suntuk, nasi goreng pandu, nasi goreng  pemuda semua sdh pakai kompor gas. Sama waktu saya makan nasi gorengnya telurnya dingin kali."
983c0f6dddbb10bd,nasi_goreng_komdak,Reza Pohan,5,Diedit 2 tahun lalu,"Restoran legend dikota Medan
Untuk rasa nasi goreng sebenarnya biasa saja, kebanyakan orang makan disini karena faktor nostalgia.
Es jeruk nya juara 👍"
128f55486438bfd4,nasi_goreng_semalam_suntuk,Syawaluddin Irwan Lubis,1,4 bulan lalu,Jualan Nasi Goreng Mana lagi selain disini yang makan ditempat dikasih nasi goreng setengah dingin Telurnya pun dingin?? Gak masuk akal jualan nasi goreng kaya gini.
57f5dd0d56d189eb,nasi_goreng_wak_ribut,M Fiiqry,1,3 bulan lalu,"Terlalu overprice, rasa biasa ajaa"
d27c6c9800a67293,istana_nasi_goreng,Nanda Harya Susilo,5,7 tahun lalu,Nasi goreng enak. Sesuai harga
4ea1d8a912e7d608,nasi_goreng_wak_ribut,Nina Simamora,2,10 bulan lalu,"Biasa saja, tempat juga tidak bagus diatas parit dan lantai papan, kotor"
b0dd67f859e1f0dd,nasi_olengg,calvin hartawan,1,11 bulan lalu,Sudah datang menunggu lama tidak ada sedikit pun melayani ataupun menawarkan menu yg ada mereka hanya mengobrol sesama temannya tanpa ada mehiraukan datangnya customer
c9daddb00ca0ad7f,nasi_goreng_pandu,Edy Prayitno,4,4 tahun lalu,Salah satu kuliner malam di kota medan
c6518daf35225575,nasi_goreng_wak_ribut,Dirjo Silaban,1,2 bulan lalu,"Tolong lah untuk ojol jngan driver dtng dulu baru pesanan dikerjai.
Biar gak nunggu lama"
eb51772c85b8571a,nasi_goreng_surya,Reza Pohan,5,Diedit 2 tahun lalu,"Salah satu nasi goreng legend kota Medan
Tersedia nasi goreng daging sapi & ayam
Harga: ekonomis 👍
Rasa: mantap 👍👍"
08de8c33a8c35669,naste,Rini Rintoy,5,5 bulan lalu,"Naste... Nasi goreng sate...
Anakku suka banget makan disini...
Lihat tuh nasi goreng anak2nya bentuknya kepala teddy bear, imut lucu. Kalo nasi goreng anaknya gak pake cabe ya...
Untuk rasa nasi goreng biasa, rasanya juga enak ya... rada pedas, tapi berasa bumbunya. Gak cuma rasa kecap dan cabe doank ya.
Pilihan telurnya bisa mata sapi, dadar dan barendo.
Oya, mereka pakai telur omega ya gaess!
Disini selain sedia nasi goreng, mereka sediain varian indomi, semur dan cakwe ya..
Untuk minuman juga variatif, ada wedang ronde dan susu wedang ronde yg wajib dicobain.
Untuk harga nasi goreng+telur+sateayam 25rb (update des'2025)

Udahlah sini lah kelen, tempatnya bersih. Parkiran berbayar, tapi lumayan banyak ya.
Tukang parkirnya juga mau kerja kok, nyariin parkiran. Gak cuma nongol pas kita mau pergi aja.
Okdeh semoga sukses selalu NASTE"
5f9f04ca928f61e1,naste,Wiselly Ongko,1,5 bulan lalu,"Sudah pesan, sudah 1 jam dan yang datang cuma minuman tapi belum ada makanan, meja lain yang datang setelah kami sudah pesan makanan, waktu ditanya soal antrian mereka langsung antri dan harus menunggu agak lama, tapi makanan di meja lain yang datang setelah kami sudah datang, jadi dibatalkan saja, kecewa banget padahal kami sudah rela menunggu!"
893a8bbc9cbeda23,nasi_goreng_pandu,reza brananda,4,6 tahun lalu,Nasi goreng
31f48cfc51dd479a,nasi_goreng_semalam_suntuk,Selvester Cia,3,Diedit setahun lalu,Restoran dan hidangannya mulai memburuk. Rasanya sekarang berbeda dengan dulu. Tapi harganya masih terjangkau.
82842147c811ebaf,naste,Seri Ulina Barus,2,6 bulan lalu,"4 x makan di tmpat
1 x grabfood
Tdnya mau dtg kembali krn rasanya yg ok..
Tapi,
Baru x ini pedas x nagornya
Sampe plg ke rumah perut panas
Ga biasa2nya se pedas ini..
Blg sm waitressnya cmn diem aja...flat aja gt ekspresinya.. kapok.. perut panas bgt ini sdh sejam sejak sy makan td, perut jd ga nyaman sangkin pedesnya.. ampun"
1832caf6532d8098,nasi_goreng_wak_ribut,Putra Macharo,3,3 minggu lalu,2 nasi goreng + 2 mandi + 2 sate = 72 k
c7654f65b2705e54,nasi_goreng_wak_ribut,Jere Mia,5,2 tahun lalu,Oke
6cbf132a6a0531be,nasi_goreng_semalam_suntuk,Big Omo,2,5 bulan lalu,"Rasa standar, harga sedikitttt pricey makanya pilih menu dgn harga termurah, terlalu berminyakkkkk, porsi kecil-sedang..."
3e6ebd0fa77c4520,nasi_goreng_surya,Fitri Diastuti,3,setahun lalu,"Pedesnya bukan pedes cabe tapi pedes lada memang yang pedes panas kalii , nasik nya keras ."
68e04df06e98d30d,nasi_goreng_pemuda,Zainal Mubarak,3,11 bulan lalu,"Saya memesan Nasi Goreng; sate kerang dan telur burung. Minumannya es teh dan jus alpukat. Nasi Gorengnya lumayan, tapi tidak istimewa. Rasanya seperti nasi goreng dengan kari.

Saya mencoba Nasi Goreng Pemuda setelah mendengar banyak perbincangan di kalangan warga lokal. Porsinya besar dan sambalnya cukup pedas, tetapi secara keseluruhan rasanya biasa saja — agak terlalu asin untuk selera saya dan nasinya bisa lebih harum.

Pelayanannya rata-rata; tidak ada yang perlu dikeluhkan, tetapi juga tidak terlalu ramah. Tempat ini cukup ramai di malam hari, jadi bisa terasa agak sempit dan berisik.

Ini tempat yang layak jika Anda berada di dekatnya dan menginginkan nasi goreng, tetapi saya tidak akan sengaja datang ke sini. Patut dicoba, tetapi bukan tempat yang wajib dikunjungi."
79bee042a2f422b8,nasi_goreng_semalam_suntuk,Raka Harjuna,3,setahun lalu,"Katanya semalam suntuk, jam 1 malam kami kesana udah last order"
9e1a8f5a25accab3,nasi_goreng_semalam_suntuk,Aidil Zuhri Nasution (Zuhri),3,setahun lalu,Buruk
f6c658187dc937a1,nasi_goreng_pemuda,Ahmad Ma'ruf,1,4 bulan lalu,Harga tidak sepadan dengan tempat dan Rasa..
a8725fbca05f6d87,nasi_goreng_komdak,Rahmat Bin Malim Puteh,4,2 tahun lalu,"Nasi gorengnya enak, porsi nasinya buat saya cukup, jus jeruk perasnya sangat recomended."
76dcee53a6dac97f,nasi_goreng_pemuda,Rudian Kesuma,5,6 bulan lalu,Lagu Favorit
ac5f5c8346509c8c,nasi_goreng_semalam_suntuk,Fonkfonk Djiu,3,6 bulan lalu,Layak harga mulai 25k
b505bc9d0c66893c,nasi_goreng_semalam_suntuk,Uswa Harahap,3,2 bulan lalu,"Ak kurang sukaaa, nasi goreng nya basah gitu, bukan tipe yg kering. Bumbu nya terlalu beraat dan krn nasi goreng nya basah jd agak eneg, dan agak mahal sih menurutku."
c665e978b40e75a4,nasi_goreng_surya,Andi Handoko,3,2 tahun lalu,"Rasa biasa.
Harga gak biasa.
Menang nama saja."
da0c1414e38e8470,nasi_olengg,Fika Fauzan,1,2 bulan lalu,Lambat sekali penyajiannya
cb2eba77c679ed1e,nasi_goreng_semalam_suntuk,Fang Regen,2,2 bulan lalu,Tak cocok di lidah serasa agak asin makanannya
54435ee9e4126494,naste,Diva Audria,1,2 bulan lalu,Pelayanannya buruk
19f8f101546cef2a,nasi_goreng_surya,Roby Iskandar,5,3 tahun lalu,Salah satu nasi goreng lokal terlezat di kota ini.
32b87f78d6f6aafa,nasi_goreng_surya,teja,3,3 tahun lalu,"Tidak seperti nasi goreng lebih ke nasi cabe,telur tidak matang,dan terlalu mahal, tempat kurang nyaman"
7fb132aa5d3f6bec,nasi_goreng_semalam_suntuk,Muhammad Ali Martua Siregar,4,setahun lalu,"Pelayanan bagus cuman harga boleh jadi pertimbangan, akan tetapi seusai dengan cita rasa nasi goreng yang enak"
ab0425415bf5fced,nasi_goreng_pemuda,TA KPAKK,1,setahun lalu,"Rasanya ga konsisten,kemaren enak,hari ini kya ga mateng,pucat,minta stgh matang dikasi matasapi matang..hihi"
470caacdbc2dc94f,nasi_goreng_surya,Johannes Soo,5,4 tahun lalu,"Salah satu nasi goreng terbaik di Medan.

Harga terjangkau.

Tersedia 2 jenis nasi goreng: standar dan pedas.
Anda bisa menambahkan topping daging (ayam suwir atau daging sapi cincang) dan topping telur (telur mata sapi atau omelet)."
b11759ade5ebfc81,nasi_goreng_pemuda,wono wijaya,4,seminggu lalu,"Penyajian cepat , karyawan ramah"
28e5f76c500aa0fb,nasi_goreng_wak_ribut,Yeni Pramita,5,Diedit 2 tahun lalu,Lumayanlah
4fe732d6f3b9a548,nasi_goreng_komdak,Pajero Stan,3,3 tahun lalu,"Saya makan nasi goreng komdak dari th 1986 rp 5000. Menu daging banyak yg masak enak..
Seiring berjalan waktu yg masak silih berganti daging ngak ada rasa sedang saja...."
de64164b3b83298f,nasi_olengg,Rudeo Sama,1,5 bulan lalu,"2 jam ngapain aja? lqma banget bikin pesanan, uda 3x saya pesan disini tetep aja lama bikinnya ga jelas banget"
c86f89a3a0ae7f91,nasi_goreng_pemuda,ali warto,5,7 bulan lalu,"topingnya (daging ayam/sapi semur) jadi pembeda. Untuk nasi goreng, standarlah.. tapi untuk pendatang, direkomendasikan nyobain mi rebus nya. Kuahnya kental, agak spicy, & rasanya masyook.."
e1a7cf47e820f3f7,nasi_goreng_pandu,iskandar Safri Hasibuan,3,setahun lalu,Seruput👍
9e51bd3542cc60c1,nasi_goreng_surya,Mitha,1,2 tahun lalu,"Ini pertama kalinya saya makan di sini. Rasanya tidak enak, terlalu asin. Pelayanannya buruk. Harganya sedang-sedang saja."
aad51f6c86afb1f1,naste,Kristin Fara,1,3 bulan lalu,"Dari kasir infonya nanti nama dipanggil, nunggu 15 menit tapi ga dipanggil panggil sedangkan pembeli baru langsung dilayani, akhirnya memutuskan untk lngsung ke bagian packaging buat nanya pesanan, dan bru dikerjain, TAPI ADA PEKERJA CEWE RAMBUT PANJANG NGELAYANI DENGAN KETUS, saya minta sendok tapi sendoknya dibanting.

dan saya sangat tidak layak mendapatkan perlakuan seperti itu. Tolong management di perhatikan kinerja, jngn sampai pelayanan buruk merusak citra usaha"
bcc9d2bd861d714e,istana_nasi_goreng,Ika Pede,5,5 tahun lalu,"Lapar tengah malam kesini aja, nasi goreng dengan semur ayam sbg toping"
89c3b654939a617b,nasi_goreng_pandu,Nurul rafiqoh lubis,2,4 tahun lalu,Hambar
05f7465d33ffaff1,nasi_goreng_semalam_suntuk,heriyadin damanik,5,5 bulan lalu,Nasi goreng yang disajikan dingin. Saya lebih suka nasi goreng hangat.
4e2a2c827702005f,nasi_goreng_pemuda,Bastian Manik,1,setahun lalu,Lm nunggu
16d5e2a0146f5529,nasi_goreng_semalam_suntuk,Nur Badrillah,2,setahun lalu,Pesan NG telur dadar malah ditambah daging ..mau untung aja ini warung ..
ade1d9abe9d6b4ea,nasi_goreng_pandu,Syaqirana Adiba,3,setahun lalu,"Pertama kali makan disana bareng kawan kerja malem-malem pesan saya pesan nasi goreng telur mata sapi setengah matang (dikasih nasi tambah gatau bayarnya berapa) terus saya pesan air mineral, kawan saya pesan menu yang sama tapi minumnya teh manis panas sama es kosong.

Selesai makan mau bayar harga saya 25k sama nasi goreng dibungkus bawa pulang 1 20k total 45k, kawan saya kenanya 25k padahal minumnya manis panas dan es kosong.

Hari ini saya beli bungkus harganya sebungkus 15k sudah ada telurnya juga.

Memang untuk rasa saya suka dan ini bisa dibilang enak, tapi untuk harga kayaknya suka hati yang jual ya…

Dan yang saya pantau juga penjual ini mandang fisik. Saat malam itu teman kerja saya masih on point sedangkan saya sudah style siap sedia tidur dan pelayanan yang saya dapat mirip karen dinner wkwkwkwk. Hari ini saat saya datang dengan pakaian yang bagus penjual langsung ramah dan bangkit semua."
7b17e8d9679070dc,nasi_goreng_surya,Muhammad Rafi Athallah Surya,3,3 tahun lalu,"Malam2 cobain Nasi Goreng ini pakai Gojek walau tinggal jalan 200 meter ke Nasgor Surya, Tapi sebagai pemburu Promo garis kerass jadi nya cobain pesen nihhh Nasgor Surya.

Saya pesen Nasi Goreng Jumbo, Dan disini kita bisa kustom Nasi Goreng nya dengan pilihan Pedas/Tidak, Daging Sapi/Daging Ayam, Dan Telur Dadar/Mata Sapi. Untuk pakai Gojek antrian bener2 cepet walau malam minggu +- 10 menit aja udah siap dan diantar oleh Abang Gojek nya.

Dan saya pun menyantap 1 porsi Nasi Goreng Jumbo saya, Didalamnya saya sudah request Pedas,Daging Sapi dan Juga Dadar dan kita diberi 1 bungkus kerupuk dan untuk ACAR ada dibelakang daun bungkus Nasi Goreng nya.

Untuk rasa dia punya taste cuma pedes dan asin doang, gaada rasa manis dan bumbu2 otentik yang buat dia spesial, Awal2 emg enak bangett ditambah telur yg gurih,Acar yg asem,kerupuk dan nasi nya sama2 dimakan buat mix rasa yg enakk banget, tapi ketika topping sudah habis mulai berasa kurang enak dan sedep pas dimakan, jadi emg harus barengan dengan topping nya yaa…"
267e6819c77d2cfa,naste,Erwin Jm,3,6 bulan lalu,B aja
85818044d331dee0,nasi_goreng_surya,Ali Purwanto,5,4 tahun lalu,Nasi goreng pedas mantap
31fde9a26809d72f,nasi_goreng_wak_ribut,Ewaldo Hiras (Aldo),3,2 tahun lalu,meh
839787d8058b47e0,nasi_olengg,Renandya Pradipta,5,2 bulan lalu,"tolong owner nasi oleng kasi bonus untuk karyawannya karena semua karyawan kerja sepenuh hati ,pelayanan sangatt ramah ,nominasi karyawan ter ramah di medan🫵"
08372dc3e5283499,naste,Rifaldi Pane,1,6 bulan lalu,Rasanya biasa saja
385eee7625518b0f,nasi_goreng_semalam_suntuk,Joni Irwansyah,3,setahun lalu,Jujur sekarang rasanya kureng bangeeett
8b1e19515377a7b7,nasi_goreng_komdak,Irwan Zaily,4,Diedit setahun lalu,"Kuliner legendaris saat Anda mengunjungi Kota Medan. Makanan terbaiknya adalah nasi goreng, disajikan dengan remah roti yang lezat atau telur mata sapi. Namun, sedikit yang tahu, sate juga enak, dijual tepat di sebelahnya."
f9dfd90d8c05a078,nasi_goreng_surya,Wandy 0098,5,3 tahun lalu,Nasi goreng nya bikin kangennn
f18002b83c076f5d,nasi_goreng_pandu,AHMAD TAUFAN,4,6 tahun lalu,Mantap serangan.....👍👍 …
fb8dd48b78f9d53b,naste,Isser Zebua,5,4 bulan lalu,Sangat Lezat dan Semoga Beruntung
0f3cfeb459a06d41,nasi_goreng_pandu,Z A A L,4,6 tahun lalu,Enak
881eba5c0435a89b,nasi_goreng_komdak,anggi adisti,2,3 tahun lalu,"nasi goreng rasa mentega, hambar"
04174cfc3b3f646d,nasi_goreng_pemuda,Said Permana,3,5 bulan lalu,"Dulu jadi pilihan lapar tengah malam, tahun 2024 beberapa kali beli, rasanya menurun tapi harga naik, dan berhenti jadi langganan. Akhir 2025 mencoba lagi, masih belum percaya kalo rasanya makin gak enak 🙏"
be35440db7067cdd,naste,nyoman Sudrajat,1,5 bulan lalu,"Cara penyambutan pembeli berantakan, pembeli harus antri bisa sampe 1 jam trs klo dah Terima pesanan hrs cpt mknya ga bisa santai karena yg antri byk saya sarankan klo ngantri mending ga usah beli toh msh byk kok Nasi goreng yg enak di Medan ini dan saya sarankan buat penjualnya hrs cpt tanggap kepada pembelinya... Jgn sampe menunggu lama jgn sampai rasa Lapar dan seleranya Hilang.."
6c11d1bd2cadaadc,nasi_goreng_pandu,Rabiatul adawiyah,1,14 jam lalu,"Pelayanan 0, karena pelayan tidak dipanggil karena makanan kami tidak kunjung datang selama hampir satu jam, meja di depan kami sudah menerima pesanan sebelum makanan kami datang, ada 1 pelayan yang juga dipanggil tetapi tidak mau datang, sampai saya marah karena makanan tidak kunjung datang padahal sudah diantar dan masih tidak panas, bayangkan jika saya memanggil pelayan 10 kali karena makanan tidak kunjung datang dalam waktu lama dan pesanan saya diabaikan, sampai mereka marah ketika mereka mengantarkan pesanan saya."
6f407bfdcbce083b,istana_nasi_goreng,Shally Simatupang,5,6 tahun lalu,👍 …
2462de1364b780bd,nasi_goreng_semalam_suntuk,Coi gb,1,Diedit 11 bulan lalu,"Apalah enaknya nasi goreng ini
Udah lama menunggu,pelayanannya buruk lagi"
a4a33666da0499ac,naste,Hastri ditha,3,6 bulan lalu,"Kesan pertama Dtg kesini..
Nasgor nya rasanya seperti nasi goreng semur pada umumnya ya.. nasi nya hampir dingin, telur kribo nya juga dingin jadi alot.. makanan cukup lama Dtg nya padahal waktu Dtg ga begitu ramai.."
5ef3aaf0cf57f9a3,nasi_goreng_pandu,novian novian,4,2 tahun lalu,Nasi goreng gaya Minang
335a17ec2f5c82bc,nasi_goreng_komdak,Yulianazahra Yuliana,1,3 tahun lalu,"Kalau menurut saya sich GK cocok di lidah saya kurang bersih tempat nya,,,,,jorok"
bf5bc738d134a329,nasi_goreng_semalam_suntuk,A.K Siregar,2,setahun lalu,"Nasi gorengnya tidak enak, terlalu berminyak, dan datang dalam keadaan dingin tidak panas, dan sangat mahal untuk rasa sperti itu, saya makannya malam, esok paginya perut mules dan berulang2 ke toilet,
tapi herannya kenapa orang2 pada rame makan disini, ini pertama kali saya makan dan saya pastikan gak akan datang lagi 🙏"
167651e6d062b043,naste,Erlita Ginting,1,2 bulan lalu,"Gak real
Nasi goreng nya gak enak
Kentang nya gak worth it dengan harga nya
Beli nya di tanggal 27 Februari 2026 pkl : 23.00 wib
Tukang parkir nya gak sopan"
9cda088c9b606ca6,naste,sirhan muhammad,2,4 bulan lalu,Lambat
c009a5a4d29e0027,nasi_goreng_komdak,Ronny Dharmawan,1,2 tahun lalu,"Beli via grab, daging sapi nya basi. Sangat kecewa"
e447f9370dc73140,nasi_goreng_wak_ribut,art squad,2,3 tahun lalu,"Kecewa, terlalu overrated. Nasinya dingin, dagingnya juga kurang berasa. Mungkin unggulnya karena jumlah dagingnya lebih banyak saja dibanding nasi goreng lainnya."
e712339d9e269726,nasi_goreng_semalam_suntuk,Silvia Kusuma,1,setahun lalu,"PELAYANAN YANG BURUK
Saya makan di tempat pesan nasi goreng pedas dan non pedas. Yang non pedas belum datang sampai yang lain uda siap makan dan saya datangin ke pelayan, kata pelayan ke waitress terus saya cek ke waitress baru di cetak bon pesanan saya dikasih ke yang masak, saya tunggu tempat masak lalu tunggu katanya lagi di masak trs saya tungguin di samping eh blm di masak trs saya datangin pelayannya. Saya tanya kamu yg antr ya katanya iya salahnya dimana ya trs saya bilang blm
dtg smpe skrg baru dicetak orderannya trs dia cek lalu saya blg kamu gmana drtd blm dtg masa ga cek trs katanya itu salah yg masak, saya blg uda berjam saya tunggu katanya ada yg 3 jam jg tunggu (no rekomen untuk makan disini) kacau banget manajemen orderannya"
ad51cb2221845eee,istana_nasi_goreng,Ainul Mardiah,4,4 tahun lalu,tempat makan legend
4b48c8e3c15009a2,naste,Doni Pangaribuan,1,sebulan lalu,"Mohon maaf. Saya lihat owner nya chines.
Saya mau tanya. Ini resto halal kagak?
Soalnya saya cari lambang halal belum ada. Maaf kalau salah. Saya cuma mau makan yg halal🙏🙏 …"
67927cf1f6c47be6,nasi_goreng_surya,David Kerenz,2,10 bulan lalu,"Nasgor nya agak keras, terus nelannya agak payah karena agak keras itu. Lebih ke rasa margarin nasgor nya. Biasa aja sih. Kadang food vlogger ini memuji berlebihan. Ujung2nya orang yg belum pernah kesana jadi terpancing."
9074076b27de8968,nasi_goreng_semalam_suntuk,Dennis Ten,3,setahun lalu,Rasa sudah tidak seperti dulu lagi
f0abb32634c4219d,naste,Gachie Naraya,3,4 bulan lalu,"Aneh & bingung banget. Bisa-bisanya beli nasi goreng dan DINE IN, tapi PAS DATENG DINGIN???? Agak kecewa aja sih, jauh2 dari luar kota, udah ngebayangin rasanya enak, tapi pas dateng gak sesuai ekspektasi.
Tolong banget, minimal sebelum disajikan, bisa dihangatkan lagi nasi gorengnya.

Tempat oke bersih, terang. Service ya biasa aja"
8c85b8dc54ff6879,nasi_goreng_surya,farhad Badres,4,4 tahun lalu,Nasi gorengnya lumayan enak.
d763304a683494c9,istana_nasi_goreng,Sulistiono Naufal,3,6 tahun lalu,"Biasa aja,"
40ea2d8c0874fd26,istana_nasi_goreng,sp barus,4,3 tahun lalu,"Nasi gorengnya 7 lah dari 10,Capcaynya enak, porsinya bisa buat 2 orang, suasananya agak berisik karna pas dipersimpangan jalan, parkir juga di pinggir jalan."
c73b6e2e2099748b,nasi_goreng_komdak,sahid Mu,2,8 bulan lalu,Kurang nyaman makan di tempat
9a86097c37488a8b,nasi_goreng_komdak,Sari Psrb,3,2 tahun lalu,Nasgor nya biasa aja sih..
cc92e2511237b588,nasi_goreng_semalam_suntuk,Akim Purba,4,5 hari lalu,Enak
7929727806694c6c,nasi_goreng_pemuda,Almendro Mordekhai,3,10 bulan lalu,"1porsi (kecil spt makan porsi setengah) 19ribu, nasi tambah (opsional) 5rb,
jd klo mau agak kenyang harus pakai nasi tambah jd porsi normal,
utk rasa nasi goreng nya sangat biasa dan pakai nasi pera, terlalu overated di review org2 yg cuma cari viewer doang

klo mau coba nasi goreng sapi yg murah, enak, dan porsi normal/jumbo WAJIB COBA nasi goreng sapi padmanaba jogja"
72b12a15d4ea4926,naste,Japardi D,5,4 bulan lalu,Makanannya enak. Tempatnya bersih dan nyaman. Makanannya agak lama sih keluarnya. Tapi bisa dimaklumin soalnya memang rame pengunjungnya
4c46e58bd4ba279a,nasi_goreng_wak_ribut,Abdul Mun'im,2,setahun lalu,"Sudah tidak seenak dulu, nasi goreng rasa kecap. Anak wak ribut yg masak apa gak sadar yg dimasaknya cuma nasi goreng rasa kecap"
c18f521355edceb2,nasi_goreng_surya,Leonardi Chiawi,5,setahun lalu,"Pelayanan nya ramah dan cepat, meskipun rame orderan. Untuk rasa nikmat banget. Untuk biaya masih tergolong standar. 26rb untuk nasi goreng sapi+minum"
2df2e91824d7e847,nasi_goreng_wak_ribut,Hari Winarta,4,3 tahun lalu,"Nasi goreng legend, mirip2 nasgor pemuda"
d69bd216808f6639,nasi_goreng_semalam_suntuk,Olivia Devi,3,11 bulan lalu,"Rasa daging sapinya enak dan lembut.
Tapi menurut saya nasi gorengnya biasa saja.. tapi overall okelah.."
82a6ef44d9580fa6,nasi_goreng_wak_ribut,Dadali Funny,2,2 tahun lalu,Lama menunggu di resto
f0c3f78ba2c26203,naste,Herman Gui,3,4 bulan lalu,"Lama menunggu , kasir tidak sigap bisa ngobrol orang lagi mau bayar , nasi lembek"
bdf99cfecac484ac,naste,Benefit Koffie,3,sebulan lalu,Nasi nya dikit bgt dengan price yang lumayan Tinggi untuk di kota medan
ce05b29a0ecc5012,nasi_goreng_komdak,Raja Manullang,5,5 hari lalu,"Terimakasih ulasan baiknya 
Dan di tunggu kedatangan selanjutnya 
🙏🏽🙏🏽🙏🏽🙏🏽🙏🏽🙏🏽🙏🏽 …"
9985a6e83e0b6f80,nasi_goreng_semalam_suntuk,Yaki Saragi,3,3 bulan lalu,"Nasi goreng nya biasa aja gk ada spesial2 nya, gk wort it untuk harga segitu
Porsi sedikit rasa biasa aja
Gk recom, dan gk akan balik lagi"
62a31133a7701434,nasi_goreng_pandu,Erwin Halim,5,3 tahun lalu,Enak...
35a71f2169e12080,nasi_goreng_semalam_suntuk,Evan Ananta,4,sebulan lalu,"Resepnya beneran nasgor padang, tapi andai berasnya juga beras badarai. Andai ada colokan untuk fasilitas yang makan sambil ngecas."
3be53aff77c30841,nasi_goreng_komdak,Bobby Lesmana,4,setahun lalu,Terlalu ramai dan berasap...
813196ce5eafa2f5,nasi_goreng_wak_ribut,Jehan Delima,5,2 tahun lalu,"Tempatnya terang, nyaman dan lega walau makan di malam hari tapi no worry. Utk kota medan yg multi etnis, saran : ada pilihan daging kambing."
78cfc8fcbcc7c23d,nasi_olengg,mr simbolon (mrsimbolon24),4,9 bulan lalu,"enak. tapi ya biasa aja gak yg enak kalii gitu.
suasananya ok, termasuk estetiklah."
cea6dd65755e9473,istana_nasi_goreng,RISTIA HADINATA,5,3 tahun lalu,Mantap masakannya langganan saya..
d00c9c24746d2518,nasi_goreng_pemuda,Hen Ri,5,10 bulan lalu,Mantap
d88408d95280e23b,naste,sam Mariella,4,Diedit 4 bulan lalu,"Review ini berdasarkan Online Delivery.
Diluar dugaan, dalam 30 menit delivery tiba. Nasi nya masih terasa hangat.

Overall, taste nya not bad. Daging sapi nya potong lumayan besar jika dibanding dengan yang sejenis. Masih bisa terasa serat daging nya and taste good.

Update 27. 12.2025
Naste menurut saya, makin enak. Daging nya lembut, rasa sate nya lebih wangi.. Rekomended deh.

Acar bawang nya besar besar dan super wangi saat di gigit.

Kesimpulan : lebih enak dari nasgor sejenis"
f80bbdc985044e39,nasi_goreng_wak_ribut,ucok 888,4,11 bulan lalu,"Manis ditambah acar yg pedas kalau mau pedas, menu cuma nasgor"
b8f35f0fceeab3fa,nasi_goreng_pemuda,Fajri,3,setahun lalu,"Nasi gorengnya enak, rasanya pas di lidah dan harganya mulai dari 19 ribuan, worth it lah! Pelayanannya juga cepet, satset banget. Cocok kalau lagi laper dan pengen makan cepat.

Cuma satu minusnya: tukang parkir minta 3 ribu. Padahal cuma sebentar doang. Jujur agak bikin males sih, soalnya berasa makannya udah hemat, eh parkirnya mahal. Kalau parkirnya 2 ribu atau nggak ada tukang parkir, fix bakal aku tambahin rating-nya!"
